"slug","nome","url_originale","file_locale","byte","esito"
"autoterm-air-2d-comfort-ris9425","Autoterm Air 2D con pannello Comfort","https://www.gesinternational.it/images/thumbs/0024337_autoterm-air-2d-con-pannello-comfort_415.jpeg","images/prodotti/autoterm-air-2d-comfort-ris9425.jpg","19701","scaricata"
"autoterm-air-4d-pu5-ris9426","Autoterm Air 4D con pannello PU-5","https://www.gesinternational.it/images/thumbs/0052083_ris9426_415.jpeg","images/prodotti/autoterm-air-4d-pu5-ris9426.jpg","20553","scaricata"
"avviatore-emergenza-4000a-powerbank-torcia-702892","Avviatore d'Emergenza Alcapower 4000A con PowerBank e Torcia","https://www.alcapower.com/media//articolo/702892.jpg","images/prodotti/avviatore-emergenza-4000a-powerbank-torcia-702892.jpg","345415","scaricata"
"avviatore-emergenza-800a-powerbank-torcia-702893","Avviatore d'Emergenza Alcapower 800A con PowerBank e Torcia","https://www.alcapower.com/media//articolo/702893.jpg","images/prodotti/avviatore-emergenza-800a-powerbank-torcia-702893.jpg","306171","scaricata"
"carica-batterie-switching-10a-702911","Carica Batterie Alcapower Switching 10A 12/24V","https://www.alcapower.com/media//articolo/702911.jpg","images/prodotti/carica-batterie-switching-10a-702911.jpg","446826","scaricata"
"carica-batterie-switching-26a-702928","Carica Batterie Alcapower Switching 26A 12/24V","https://www.alcapower.com/media//articolo/702928.jpg","images/prodotti/carica-batterie-switching-26a-702928.jpg","585123","scaricata"
"cda-0001-fermaporta-tondo-a-incastro-per-laika","Fermaporta tondo a incastro per Laika","https://www.gesinternational.it/images/thumbs/0027856_interlocking-doorcatch-white-for-laika_415.jpeg","images/prodotti/cda-0001-fermaporta-tondo-a-incastro-per-laika.jpg","11625","scaricata"
"cda-0003-fermaporta-semisferico-a-incastro-bianco","Fermaporta semisferico a incastro bianco","https://www.gesinternational.it/images/thumbs/0001569_interlocking-hemispherical-doorcatch-white_415.jpeg","images/prodotti/cda-0003-fermaporta-semisferico-a-incastro-bianco.jpg","9949","scaricata"
"cda-0004-fermaporta-esterno-bianco-32-mm","Fermaporta esterno bianco 32 mm","https://www.gesinternational.it/images/thumbs/0009801_external-doorcatch-white-32-mm_415.jpeg","images/prodotti/cda-0004-fermaporta-esterno-bianco-32-mm.jpg","10663","scaricata"
"cda-0007-fermaporta-esterno","Fermaporta esterno","https://www.gesinternational.it/images/thumbs/0001535_external-door-stopper_415.jpeg","images/prodotti/cda-0007-fermaporta-esterno.jpg","12685","scaricata"
"cda-0011-fermaporta-esterno-bianco-rinforzato","Fermaporta esterno bianco (rinforzato)","https://www.gesinternational.it/images/thumbs/0049248_fer36_415.jpeg","images/prodotti/cda-0011-fermaporta-esterno-bianco-rinforzato.jpg","11199","scaricata"
"cda-0014-ferma-porta-ad-incastro-grigio","Ferma porta ad incastro grigio","https://www.gesinternational.it/images/thumbs/0025659_interlocking-door-stop-grey_415.jpeg","images/prodotti/cda-0014-ferma-porta-ad-incastro-grigio.jpg","11584","scaricata"
"cda-0016-ferma-porta-ad-incastro-bianco","Ferma porta ad incastro bianco","https://www.gesinternational.it/images/thumbs/0025654_interlocking-doorcatch-white_415.jpeg","images/prodotti/cda-0016-ferma-porta-ad-incastro-bianco.jpg","11148","scaricata"
"cda-0018-fermaporta-esterno-metallico","Fermaporta esterno metallico","https://www.gesinternational.it/images/thumbs/0024648_external-metal-door-stop_415.jpeg","images/prodotti/cda-0018-fermaporta-esterno-metallico.jpg","14586","scaricata"
"cda-0022-fermaporta-pieghevole","Fermaporta pieghevole","https://www.gesinternational.it/images/thumbs/0001528_foldable-door-stopper_415.jpeg","images/prodotti/cda-0022-fermaporta-pieghevole.jpg","9548","scaricata"
"cda-0024-fermaporta-esterno-bianco","Fermaporta esterno bianco","https://www.gesinternational.it/images/thumbs/0048589_fer02_415.jpeg","images/prodotti/cda-0024-fermaporta-esterno-bianco.jpg","11424","scaricata"
"cda-0028-fermaporta-esterno-nero","Fermaporta esterno nero","https://www.gesinternational.it/images/thumbs/0048597_fer02n_415.jpeg","images/prodotti/cda-0028-fermaporta-esterno-nero.jpg","13403","scaricata"
"cda-0033-fermaporta-magnetico-klakklak-easy-tenuta-10-kg","Fermaporta magnetico KlakKlak Easy tenuta 10 kg","https://www.gesinternational.it/images/thumbs/0001580_fermaporta-magnetico-klakklak-easy-load-10-kg_415.jpeg","images/prodotti/cda-0033-fermaporta-magnetico-klakklak-easy-tenuta-10-kg.jpg","10094","scaricata"
"cda-0036-pompa-a-immersione-twin-con-valvola-di-non-ritorno-19-l-min","Pompa a immersione Twin con valvola di non ritorno 19 L/min","https://www.gesinternational.it/images/thumbs/0019386_twin-immersion-pump-with-non-return-valve-19-lmin_415.jpeg","images/prodotti/cda-0036-pompa-a-immersione-twin-con-valvola-di-non-ritorno-19-l-min.jpg","14967","scaricata"
"cda-0037-pompa-a-immersione-twin-con-valvola-19-l-min-blister","Pompa a immersione Twin con valvola 19 L/min (blister)","https://www.gesinternational.it/images/thumbs/0019384_twin-immersion-pump-with-non-return-valve-19-lmin-blister_415.jpeg","images/prodotti/cda-0037-pompa-a-immersione-twin-con-valvola-19-l-min-blister.jpg","25850","scaricata"
"cda-0038-pompa-a-immersione-twin-senza-valvola-di-non-ritorno-19-l-min","Pompa a immersione Twin senza valvola di non ritorno 19 L/min","https://www.gesinternational.it/images/thumbs/0019388_twin-immersion-pump-without-non-return-valve-19-lmin_415.jpeg","images/prodotti/cda-0038-pompa-a-immersione-twin-senza-valvola-di-non-ritorno-19-l-min.jpg","14123","scaricata"
"cda-0039-pompa-power-jet-22-l-min","Pompa Power Jet 22 L/min","https://www.gesinternational.it/images/thumbs/0011912_power-jet-pump-22-lmin_415.jpeg","images/prodotti/cda-0039-pompa-power-jet-22-l-min.jpg","13328","scaricata"
"cda-0040-pompa-immersione-senza-valvola-12-l-min","Pompa immersione senza valvola 12 L/min","https://www.gesinternational.it/images/thumbs/0026728_immersion-pump-without-valve-12-lmin_415.jpeg","images/prodotti/cda-0040-pompa-immersione-senza-valvola-12-l-min.jpg","13569","scaricata"
"cda-0041-pompa-immersione-senza-valvola-12-l-min-blister","Pompa immersione senza valvola 12 L/min (blister)","https://www.gesinternational.it/images/thumbs/0026729_immersion-pump-without-valve-12-lmin-blister_415.jpeg","images/prodotti/cda-0041-pompa-immersione-senza-valvola-12-l-min-blister.jpg","23438","scaricata"
"cda-0042-pompa-a-immersione-con-valvola-12-l-min","Pompa a immersione con valvola 12 L/min","https://www.gesinternational.it/images/thumbs/0004663_immersion-pump-with-valve-12-lmin_415.jpeg","images/prodotti/cda-0042-pompa-a-immersione-con-valvola-12-l-min.jpg","12997","scaricata"
"cda-0043-pompa-a-immersione-con-valvola-12-l-min-blister","Pompa a immersione con valvola 12 L/min (blister)","https://www.gesinternational.it/images/thumbs/0004662_immersion-pump-with-valve-12-lmin-blister_415.jpeg","images/prodotti/cda-0043-pompa-a-immersione-con-valvola-12-l-min-blister.jpg","25869","scaricata"
"cda-0046-pompa-a-immersione-senza-valvola-18-l-min","Pompa a immersione senza valvola 18 L/min","https://www.gesinternational.it/images/thumbs/0048176_pmp318_415.jpeg","images/prodotti/cda-0046-pompa-a-immersione-senza-valvola-18-l-min.jpg","14213","scaricata"
"cda-0047-pompa-a-immersione-senza-valvola-18-l-min-blister","Pompa a immersione senza valvola 18 L/min (blister)","https://www.gesinternational.it/images/thumbs/0048246_pmp318c_415.jpeg","images/prodotti/cda-0047-pompa-a-immersione-senza-valvola-18-l-min-blister.jpg","25647","scaricata"
"cda-0048-pompa-immersione-con-valvola-19-l-min","Pompa immersione con valvola 19 L/min","https://www.gesinternational.it/images/thumbs/0004666_immersion-pump-with-valve-19-lmin_415.jpeg","images/prodotti/cda-0048-pompa-immersione-con-valvola-19-l-min.jpg","13446","scaricata"
"cda-0049-pompa-immersione-con-valvola-19-l-min-blister","Pompa immersione con valvola 19 L/min (blister)","https://www.gesinternational.it/images/thumbs/0026731_immersion-pump-with-valve-19-lmin-blister_415.jpeg","images/prodotti/cda-0049-pompa-immersione-con-valvola-19-l-min-blister.jpg","22638","scaricata"
"cda-0050-pompa-immersione-portagomma-senza-valvola-12-l-min","Pompa immersione portagomma senza valvola 12 L/min","https://www.gesinternational.it/images/thumbs/0052434_pmp112_415.jpeg","images/prodotti/cda-0050-pompa-immersione-portagomma-senza-valvola-12-l-min.jpg","11330","scaricata"
"cda-0051-pompa-immersione-portagomma-senza-valvola-12-l-min-blister","Pompa immersione portagomma senza valvola 12 L/min (blister)","https://www.gesinternational.it/images/thumbs/0025779_hose-immersion-pump-without-valve-12-lmin-blister_415.jpeg","images/prodotti/cda-0051-pompa-immersione-portagomma-senza-valvola-12-l-min-blister.jpg","21710","scaricata"
"cda-0052-pompa-immersione-18-l-blister","Pompa immersione 18 L (blister)","https://www.gesinternational.it/images/thumbs/0025782_immersion-pump-18-l-blister_415.jpeg","images/prodotti/cda-0052-pompa-immersione-18-l-blister.jpg","21897","scaricata"
"cda-0053-pompa-ad-immersione-22-l-min","Pompa ad immersione 22 L/min","https://www.gesinternational.it/images/thumbs/0025784_immersion-pump-22-lmin_415.jpeg","images/prodotti/cda-0053-pompa-ad-immersione-22-l-min.jpg","12962","scaricata"
"cda-0054-pompa-ad-immersione-22-l-min-blister","Pompa ad immersione 22 L/min (blister)","https://www.gesinternational.it/images/thumbs/0025785_immersion-pump-22-lmin-blister_415.jpeg","images/prodotti/cda-0054-pompa-ad-immersione-22-l-min-blister.jpg","21738","scaricata"
"cda-0055-pompa-ad-immersione-10-l-min","Pompa ad immersione 10 L/min","https://www.gesinternational.it/images/thumbs/0004635_immersion-pump-10-lmin_415.jpeg","images/prodotti/cda-0055-pompa-ad-immersione-10-l-min.jpg","13039","scaricata"
"cda-0056-pompa-ad-immersione-15-l-min","Pompa ad immersione 15 L/min","https://www.gesinternational.it/images/thumbs/0004638_immersion-pump-15-lmin_415.jpeg","images/prodotti/cda-0056-pompa-ad-immersione-15-l-min.jpg","13988","scaricata"
"cda-0057-pompa-ad-immersione-20-l-min","Pompa ad immersione 20 L/min","https://www.gesinternational.it/images/thumbs/0026864_immersion-pump-20-lmin_415.jpeg","images/prodotti/cda-0057-pompa-ad-immersione-20-l-min.jpg","13551","scaricata"
"cda-0058-plafoniera-a-pile-loving","Plafoniera a pile LOVING","https://www.gesinternational.it/images/thumbs/0049494_luc641_415.jpeg","images/prodotti/cda-0058-plafoniera-a-pile-loving.jpg","12959","scaricata"
"cda-0059-faretto-con-interruttore-ovale-6-led","Faretto con interruttore ovale 6 LED","https://www.gesinternational.it/images/thumbs/0003732_oval-switch-spotlight-6-leds_415.jpeg","images/prodotti/cda-0059-faretto-con-interruttore-ovale-6-led.jpg","13797","scaricata"
"cda-0060-faretto-con-interruttore-ovale-6-led-blister","Faretto con interruttore ovale 6 LED (blister)","https://www.gesinternational.it/images/thumbs/0017003_oval-switch-spotlight-6-led-blister_415.jpeg","images/prodotti/cda-0060-faretto-con-interruttore-ovale-6-led-blister.jpg","18935","scaricata"
"cda-0065-catadiottro-tondo-arancione","Catadiottro tondo arancione","https://www.gesinternational.it/images/thumbs/0001953_adhesive-reflector-orange-o-60_415.jpeg","images/prodotti/cda-0065-catadiottro-tondo-arancione.jpg","19253","scaricata"
"cda-0066-catadiottro-tondo-arancione-2pz","Catadiottro tondo arancione (2pz)","https://www.gesinternational.it/images/thumbs/0001951_reflector-with-sticker-orange-o-60-blister_415.jpeg","images/prodotti/cda-0066-catadiottro-tondo-arancione-2pz.jpg","25515","scaricata"
"cda-0067-catadiottro-tondo-bianco","Catadiottro tondo bianco","https://www.gesinternational.it/images/thumbs/0001956_adhesive-reflector-white-o-60_415.jpeg","images/prodotti/cda-0067-catadiottro-tondo-bianco.jpg","25925","scaricata"
"cda-0068-catadiottro-tondo-bianco-2pz","Catadiottro tondo bianco (2pz)","https://www.gesinternational.it/images/thumbs/0001954_reflector-with-adhesive-white-o-60-blister_415.jpeg","images/prodotti/cda-0068-catadiottro-tondo-bianco-2pz.jpg","26216","scaricata"
"cda-0069-catadiottro-tondo-rosso","Catadiottro tondo rosso","https://www.gesinternational.it/images/thumbs/0001959_adhesive-reflector-red-o-60_415.jpeg","images/prodotti/cda-0069-catadiottro-tondo-rosso.jpg","22413","scaricata"
"cda-0070-catadiottro-tondo-rosso-2pz","Catadiottro tondo rosso (2pz)","https://www.gesinternational.it/images/thumbs/0001957_adhesive-reflector-red-o-60-blister_415.jpeg","images/prodotti/cda-0070-catadiottro-tondo-rosso-2pz.jpg","25185","scaricata"
"cda-0077-catadiottro-tondo-modello-maggiorato","Catadiottro tondo (modello maggiorato)","https://www.gesinternational.it/images/thumbs/0002101_retro-reflector-720-series_415.jpeg","images/prodotti/cda-0077-catadiottro-tondo-modello-maggiorato.jpg","25804","scaricata"
"cda-0089-batteria-lifepo4-extrapower-100-ah","Batteria LiFePO4 ExtraPOWER 100 Ah","https://www.gesinternational.it/images/thumbs/0052993_extrapower-lifepo4-battery-100-ah_415.jpeg","images/prodotti/cda-0089-batteria-lifepo4-extrapower-100-ah.jpg","25082","scaricata"
"cda-0090-batteria-lifepo4-extrapower-150-ah","Batteria LiFePO4 ExtraPOWER 150 Ah","https://www.gesinternational.it/images/thumbs/0052999_extrapower-lifepo4-battery-150-ah_415.jpeg","images/prodotti/cda-0090-batteria-lifepo4-extrapower-150-ah.jpg","26475","scaricata"
"cda-0091-batteria-lifepo4-extrapower-200-ah","Batteria LiFePO4 ExtraPOWER 200 Ah","https://www.gesinternational.it/images/thumbs/0048735_extrapower-lifepo4-battery-200-ah_415.jpeg","images/prodotti/cda-0091-batteria-lifepo4-extrapower-200-ah.jpg","20764","scaricata"
"cda-0092-batteria-lifepo4-extrapower-300-ah","Batteria LiFePO4 ExtraPOWER 300 Ah","https://www.gesinternational.it/images/thumbs/0048741_extrapower-lifepo4-battery-300-ah_415.jpeg","images/prodotti/cda-0092-batteria-lifepo4-extrapower-300-ah.jpg","21771","scaricata"
"cda-0093-batteria-lifepo4-extrapower-450-ah","Batteria LiFePO4 ExtraPOWER 450 Ah","https://www.gesinternational.it/images/thumbs/0048747_extrapower-lifepo4-battery-450-ah_415.jpeg","images/prodotti/cda-0093-batteria-lifepo4-extrapower-450-ah.jpg","21695","scaricata"
"cda-0094-wc-portatile-bi-pot-30","WC portatile Bi-Pot 30","https://www.gesinternational.it/images/thumbs/0007737_bi-pot-30-portable-toilet_415.jpeg","images/prodotti/cda-0094-wc-portatile-bi-pot-30.jpg","13641","scaricata"
"cda-0095-wc-portatile-bi-pot-34","WC portatile Bi-Pot 34","https://www.gesinternational.it/images/thumbs/0007739_bi-pot-34-portable-toilet_415.jpeg","images/prodotti/cda-0095-wc-portatile-bi-pot-34.jpg","13864","scaricata"
"cda-0096-wc-portatile-bi-pot-39","WC portatile Bi-Pot 39","https://www.gesinternational.it/images/thumbs/0007741_bi-pot-39-portable-toilet_415.jpeg","images/prodotti/cda-0096-wc-portatile-bi-pot-39.jpg","14052","scaricata"
"cda-0099-frigorifero-a-compressore-frg700","Frigorifero a compressore per camper (mod. FRG700)","https://www.gesinternational.it/images/thumbs/0009673_frigorifero-coolmatic-crx-80-dometic_415.jpeg","images/prodotti/cda-0099-frigorifero-a-compressore-frg700.jpg","13514","scaricata"
"cda-0100-frigorifero-a-compressore-frg701","Frigorifero a compressore per camper (mod. FRG701)","https://www.gesinternational.it/images/thumbs/0009676_frigorifero-coolmatic-crx-110-dometic_415.jpeg","images/prodotti/cda-0100-frigorifero-a-compressore-frg701.jpg","13482","scaricata"
"cda-0101-frigorifero-a-compressore-frg706","Frigorifero a compressore per camper (mod. FRG706)","https://www.gesinternational.it/images/thumbs/0044210_frg706_415.jpeg","images/prodotti/cda-0101-frigorifero-a-compressore-frg706.jpg","12538","scaricata"
"cda-0102-frigorifero-a-compressore-frg853","Frigorifero a compressore per camper (mod. FRG853)","https://www.gesinternational.it/images/thumbs/0032025_frigorifero-portatile-a-compressore-46-l_415.jpeg","images/prodotti/cda-0102-frigorifero-a-compressore-frg853.jpg","14563","scaricata"
"cda-0103-frigorifero-extracool-frg551","Frigorifero a compressore ExtraCOOL (mod. FRG551)","https://www.gesinternational.it/images/thumbs/0045910_compressor-refrigerator-50-l-no-freezer_415.jpeg","images/prodotti/cda-0103-frigorifero-extracool-frg551.jpg","10786","scaricata"
"cda-0104-frigorifero-extracool-frg571","Frigorifero a compressore ExtraCOOL (mod. FRG571)","https://www.gesinternational.it/images/thumbs/0045912_compressor-refrigerator-70-l-no-freezer_415.jpeg","images/prodotti/cda-0104-frigorifero-extracool-frg571.jpg","11228","scaricata"
"cda-0105-frigorifero-extracool-frg514","Frigorifero a compressore ExtraCOOL (mod. FRG514)","https://www.gesinternational.it/images/thumbs/0049489_slim-compressor-refrigerator-and-freezer-135-l_415.jpeg","images/prodotti/cda-0105-frigorifero-extracool-frg514.jpg","12410","scaricata"
"cda-0106-frigorifero-extracool-frg575","Frigorifero a compressore ExtraCOOL (mod. FRG575)","https://www.gesinternational.it/images/thumbs/0045605_double-door-compressor-refrigerator-175-l_415.jpeg","images/prodotti/cda-0106-frigorifero-extracool-frg575.jpg","12460","scaricata"
"cda-0107-frigorifero-extracool-frg547","Frigorifero a compressore ExtraCOOL (mod. FRG547)","https://www.gesinternational.it/images/thumbs/0040179_extracool-compressor-refrigerator-47-l_415.jpeg","images/prodotti/cda-0107-frigorifero-extracool-frg547.jpg","12692","scaricata"
"cda-0108-frigorifero-extracool-frg564","Frigorifero a compressore ExtraCOOL (mod. FRG564)","https://www.gesinternational.it/images/thumbs/0040181_extracool-compressor-refrigerator-64-l_415.jpeg","images/prodotti/cda-0108-frigorifero-extracool-frg564.jpg","12640","scaricata"
"cda-0109-frigorifero-extracool-frg584","Frigorifero a compressore ExtraCOOL (mod. FRG584)","https://www.gesinternational.it/images/thumbs/0042231_extracool-compressor-refrigerator-83-l_415.jpeg","images/prodotti/cda-0109-frigorifero-extracool-frg584.jpg","14599","scaricata"
"cda-0110-frigorifero-extracool-frg587","Frigorifero a compressore ExtraCOOL (mod. FRG587)","https://www.gesinternational.it/images/thumbs/0040185_extracool-compressor-refrigerator-87-l_415.jpeg","images/prodotti/cda-0110-frigorifero-extracool-frg587.jpg","13583","scaricata"
"cda-0111-frigorifero-extracool-frg583","Frigorifero a compressore ExtraCOOL (mod. FRG583)","https://www.gesinternational.it/images/thumbs/0051235_frg583_415.jpeg","images/prodotti/cda-0111-frigorifero-extracool-frg583.jpg","12699","scaricata"
"cda-0113-pannello-solare-lilie-pnl025","Pannello solare per camper (mod. PNL025)","https://www.gesinternational.it/images/thumbs/0032654_pannello-fotovoltaico-modulare-25-w_415.jpeg","images/prodotti/cda-0113-pannello-solare-lilie-pnl025.jpg","20720","scaricata"
"cda-0114-rinokem-sachets-15-bustine-disgreganti","RinoKEM Sachets 15 bustine disgreganti","https://www.gesinternational.it/images/thumbs/0039605_rinokem-sachets-15-disintegrating-sachets_415.jpeg","images/prodotti/cda-0114-rinokem-sachets-15-bustine-disgreganti.jpg","36176","scaricata"
"cda-0115-disgregante-rinokem-fluid-fragranza-pino-2l","Disgregante RinoKEM Fluid fragranza pino 2L","https://www.gesinternational.it/images/thumbs/0020982_rinokem-fluid-pine-fragrance-disruptor-2-l_415.jpeg","images/prodotti/cda-0115-disgregante-rinokem-fluid-fragranza-pino-2l.jpg","31082","scaricata"
"cda-0116-rinogrey-fragranza-pino-2l","RinoGrey fragranza pino 2L","https://www.gesinternational.it/images/thumbs/0011448_rinogrey-pine-fragrance-2-l_415.jpeg","images/prodotti/cda-0116-rinogrey-fragranza-pino-2l.jpg","27677","scaricata"
"cda-0117-igienizzante-super-rinse-1l","Igienizzante Super Rinse 0,75L","https://www.gesinternational.it/images/thumbs/0003851_super-rinse-sanitiser-075-l_415.jpeg","images/prodotti/cda-0117-igienizzante-super-rinse-1l.jpg","21521","scaricata"
"cda-0118-disgregante-super-kem-sachets","Disgregante Super Kem Sachets","https://www.gesinternational.it/images/thumbs/0003849_disrupter-super-kem-sachets-15-bags_415.jpeg","images/prodotti/cda-0118-disgregante-super-kem-sachets.jpg","25975","scaricata"
"cda-0119-disgregante-super-kem-blue","Disgregante Super Kem Blue","https://www.gesinternational.it/images/thumbs/0003847_super-kem-blue-disruptor-2-l_415.jpeg","images/prodotti/cda-0119-disgregante-super-kem-blue.jpg","18925","scaricata"
"cda-0120-serbatoio-acqua-50l-fisso-polietilene","Serbatoio acqua 50 L (48x40x26 cm)","https://www.gesinternational.it/images/thumbs/0006330_tank-50-l-48-x-40-x-26-cm_415.jpeg","images/prodotti/cda-0120-serbatoio-acqua-50l-fisso-polietilene.jpg","10415","scaricata"
"cda-0121-serbatoio-acqua-64l-fisso-polietilene","Serbatoio acqua 64 L (38x77x22 cm)","https://www.gesinternational.it/images/thumbs/0006333_tank-64-l-38-x-77-x-22-cm_415.jpeg","images/prodotti/cda-0121-serbatoio-acqua-64l-fisso-polietilene.jpg","10726","scaricata"
"cda-0122-serbatoio-acqua-84l-fisso-polietilene","Serbatoio acqua 84 L (38x100x22 cm)","https://www.gesinternational.it/images/thumbs/0006339_tank-84-l-38-x-100-x-22-cm_415.jpeg","images/prodotti/cda-0122-serbatoio-acqua-84l-fisso-polietilene.jpg","11100","scaricata"
"cda-0123-serbatoio-acqua-103l-fisso-polietilene","Serbatoio acqua 103 L (38x123x22 cm)","https://www.gesinternational.it/images/thumbs/0006342_tank-103-l-38-x-123-x-22-cm_415.jpeg","images/prodotti/cda-0123-serbatoio-acqua-103l-fisso-polietilene.jpg","11324","scaricata"
"cda-0124-serbatoio-acqua-126l-fisso-polietilene","Serbatoio acqua 126 L (45x100x28 cm)","https://www.gesinternational.it/images/thumbs/0006351_tank-126-l-45-x-100-x-28-cm_415.jpeg","images/prodotti/cda-0124-serbatoio-acqua-126l-fisso-polietilene.jpg","11281","scaricata"
"cda-0125-serbatoio-tank-70","Tank 70","https://www.gesinternational.it/images/thumbs/0045685_srb103_415.jpeg","images/prodotti/cda-0125-serbatoio-tank-70.jpg","20179","scaricata"
"cda-0126-rubinetto-singolo-destro-cristal-canna-abbattibile","Rubinetto singolo destro Cristal, canna abbattibile","https://www.gesinternational.it/images/thumbs/0039361_rub2125_415.jpeg","images/prodotti/cda-0126-rubinetto-singolo-destro-cristal-canna-abbattibile.jpg","16162","scaricata"
"cda-0127-rubinetto-singolo-sinistro-cristal-canna-abbattibile","Rubinetto singolo sinistro Cristal, canna abbattibile","https://www.gesinternational.it/images/thumbs/0039357_rub2120_415.jpeg","images/prodotti/cda-0127-rubinetto-singolo-sinistro-cristal-canna-abbattibile.jpg","17017","scaricata"
"cda-0128-miscelatore-singolo-destro-chrome-canna-abbattibile","Miscelatore singolo destro Chrome, canna abbattibile","https://www.gesinternational.it/images/thumbs/0005855_chrome-right-single-mixer-tap-folding-spout_415.jpeg","images/prodotti/cda-0128-miscelatore-singolo-destro-chrome-canna-abbattibile.jpg","14807","scaricata"
"cda-0129-rubinetto-singolo-sinistro-chrome-canna-abbattibile","Rubinetto singolo sinistro Chrome, canna abbattibile","https://www.gesinternational.it/images/thumbs/0039360_rub2120a_415.jpeg","images/prodotti/cda-0129-rubinetto-singolo-sinistro-chrome-canna-abbattibile.jpg","16144","scaricata"
"cda-0131-miscelatore-sottotavolo-premium","Rubinetto De Luxe cromato con micro-interruttore Ø33mm","https://www.gesinternational.it/images/thumbs/0049551_rub4323_415.jpeg","images/prodotti/cda-0131-miscelatore-sottotavolo-premium.jpg","18705","scaricata"
"cda-0132-risparmiatore-acqua-stopwater","Risparmiatore acqua Stopwater","https://www.gesinternational.it/images/thumbs/0006786_stopwater-water-saver_415.jpeg","images/prodotti/cda-0132-risparmiatore-acqua-stopwater.jpg","19589","scaricata"
"cda-0133-garage-system-standard","Garage System Standard","https://www.gesinternational.it/images/thumbs/0003079_garage-system-standard_415.jpeg","images/prodotti/cda-0133-garage-system-standard.jpg","13773","scaricata"
"cda-0134-garage-bars","Garage-Bars","https://www.gesinternational.it/images/thumbs/0003097_garage-bars_415.jpeg","images/prodotti/cda-0134-garage-bars.jpg","12975","scaricata"
"cda-0135-garage-carry-rail","Garage Carry Rail","https://www.gesinternational.it/images/thumbs/0026840_garage-carry-rail_415.jpeg","images/prodotti/cda-0135-garage-carry-rail.jpg","25229","scaricata"
"cda-0136-luggage-bar","Luggage Bar","https://www.gesinternational.it/images/thumbs/0026842_luggage-bar_415.jpeg","images/prodotti/cda-0136-luggage-bar.jpg","11748","scaricata"
"cda-0137-cargo-strap","Cargo Strap","https://www.gesinternational.it/images/thumbs/0003102_cargo-strap_415.jpeg","images/prodotti/cda-0137-cargo-strap.jpg","18482","scaricata"
"cda-0138-4-ganci-per-cinghie-rettangolari","4 ganci per cinghie rettangolari","https://www.gesinternational.it/images/thumbs/0003091_4-hooks-for-rectangular-straps_415.jpeg","images/prodotti/cda-0138-4-ganci-per-cinghie-rettangolari.jpg","18878","scaricata"
"cda-0139-quattro-ganci-in-metallo","Quattro ganci in metallo","https://www.gesinternational.it/images/thumbs/0003114_four-metal-hooks_415.jpeg","images/prodotti/cda-0139-quattro-ganci-in-metallo.jpg","18260","scaricata"
"cda-0140-thermoglas-ducato-windscreen","Thermoglas Ducato Windscreen","https://www.gesinternational.it/images/thumbs/0026854_thermoglas-ducato-windscreen_415.jpeg","images/prodotti/cda-0140-thermoglas-ducato-windscreen.jpg","42510","scaricata"
"cda-0141-thermoglas-xxl-ducato-2006","Thermoglas XXL Ducato (2006 >)","https://www.gesinternational.it/images/thumbs/0026852_thermoglas-xxl-ducato-2006-_415.jpeg","images/prodotti/cda-0141-thermoglas-xxl-ducato-2006.jpg","53561","scaricata"
"cda-0142-oscurante-termico-esterno-universale-cabina","Oscurante termico esterno universale (cabina)","https://www.gesinternational.it/images/thumbs/0014121_universal-external-thermal-blackout-shade_415.jpeg","images/prodotti/cda-0142-oscurante-termico-esterno-universale-cabina.jpg","29562","scaricata"
"cda-0143-moskito-net-64","Moskito Net 64","https://www.gesinternational.it/images/thumbs/0007776_moskito-net-64_415.jpeg","images/prodotti/cda-0143-moskito-net-64.jpg","32936","scaricata"
"cda-0144-riscaldatore-a-gasolio-2kw","Riscaldatore a gasolio 2 kW","https://www.gesinternational.it/images/thumbs/0024302_riscaldatore-a-gasolio-2-kw_415.jpeg","images/prodotti/cda-0144-riscaldatore-a-gasolio-2kw.jpg","17427","scaricata"
"cda-0145-riscaldatore-a-gasolio-4kw","Riscaldatore a gasolio 4 kW","https://www.gesinternational.it/images/thumbs/0029092_riscaldatore-a-gasolio-4-kw_415.jpeg","images/prodotti/cda-0145-riscaldatore-a-gasolio-4kw.jpg","19658","scaricata"
"cda-0146-autoterm-air-2d-pannello-pu5","Autoterm Air 2D con pannello PU-5","https://www.gesinternational.it/images/thumbs/0052079_ris9424_415.jpeg","images/prodotti/cda-0146-autoterm-air-2d-pannello-pu5.jpg","19794","scaricata"
"cda-0147-autoterm-air-4d-pannello-comfort","Autoterm Air 4D con pannello Comfort","https://www.gesinternational.it/images/thumbs/0038240_ris9427_415.jpeg","images/prodotti/cda-0147-autoterm-air-4d-pannello-comfort.jpg","20110","scaricata"
"cda-0148-kit-autoterm-air-2d-pannello-comfort","Kit Autoterm Air 2D con pannello Comfort","https://www.gesinternational.it/images/thumbs/0024318_kit-autoterm-air-2d-con-pannello-comfort_415.jpeg","images/prodotti/cda-0148-kit-autoterm-air-2d-pannello-comfort.jpg","26106","scaricata"
"cda-0149-travel-box-2-riscaldatore-a-gasolio-portatile","Travel Box 2.0 Riscaldatore a gasolio portatile","https://www.gesinternational.it/images/thumbs/0032075_portable-diesel-heater-travel-box-20_415.jpeg","images/prodotti/cda-0149-travel-box-2-riscaldatore-a-gasolio-portatile.jpg","16167","scaricata"
"cda-0152-zanzariera-porta-carad-rf-completa","Zanzariera Porta Carad-RF Completa","https://www.euroaccessoiresitalia.it/Immagine/113294/731491_d400x400.png","images/prodotti/cda-0152-zanzariera-porta-carad-rf-completa.gif","43","scaricata"
"cda-0153-zanzariera-remicare-2-per-van-1435x1250","Zanzariera Remicare 2 per Van 1435x1250 mm","https://www.euroaccessoiresitalia.it/Immagine/19834/Zanzariera-Remicare-2-Van-15936428_d360x360.jpg","images/prodotti/cda-0153-zanzariera-remicare-2-per-van-1435x1250.gif","43","scaricata"
"cda-0154-zanzariera-remicare-van-ducato-x250-x290","Zanzariera Remicare per Van Ducato X250/290 - 1710x1250 mm","https://www.euroaccessoiresitalia.it/Immagine/19835/Zanzariera-Remicare-2-Van-15936428_d360x360.jpg","images/prodotti/cda-0154-zanzariera-remicare-van-ducato-x250-x290.gif","43","scaricata"
"cda-0156-veranda-thule-3200-antracite-250m","Veranda Thule 3200 Antracite 2,50 m - Telo Uni Grey","https://www.euroaccessoiresitalia.it/Immagine/60569/850911_sized_1800x1200_rev_1_d360x360.jpg","images/prodotti/cda-0156-veranda-thule-3200-antracite-250m.gif","43","scaricata"
"cda-0157-fiamma-mega-bag","Fiamma Mega Bag","https://www.euroaccessoiresitalia.it/Immagine/21528/Fiamma-Mega-Bag-928846_d360x360.jpg","images/prodotti/cda-0157-fiamma-mega-bag.gif","43","scaricata"
"cda-0160-dongle-bluetooth-smart-ve-direct","Dongle Bluetooth Smart connesso a VE.Direct","https://www.gesinternational.it/images/thumbs/0028816_smart-dongle-victron-bluetooth_415.jpeg","images/prodotti/cda-0160-dongle-bluetooth-smart-ve-direct.jpg","24042","scaricata"
"cda-0163-pistola-pneumatica-cartucce-a-spruzzo","Pistola Pneumatica per Cartucce a Spruzzo","https://www.gesinternational.it/images/thumbs/0045298_sgl600pp_415.jpeg","images/prodotti/cda-0163-pistola-pneumatica-cartucce-a-spruzzo.jpg","14330","scaricata"
"cda-0165-presa-12v-7-pin-pvc","Presa 12V 7 Pin in PVC/plastica","https://www.gesinternational.it/images/thumbs/0013110_7-pole-abs-socket-for-trailers-blister_415.jpeg","images/prodotti/cda-0165-presa-12v-7-pin-pvc.jpg","16291","scaricata"
"cda-0166-presa-di-raccordo-12v-7-pin","Presa di raccordo 12V 7 Pin","https://www.gesinternational.it/images/thumbs/0021072_7-pole-aluminium-socket_415.jpeg","images/prodotti/cda-0166-presa-di-raccordo-12v-7-pin.jpg","18237","scaricata"
"cda-0167-presa-13-poli","Presa 13 Poli","https://www.gesinternational.it/images/thumbs/0005143_13-pole-socket-for-abs-trailers-gasket_415.jpeg","images/prodotti/cda-0167-presa-13-poli.jpg","23704","scaricata"
"cda-0168-oscurante-finestra-dometic-db1r-480x530","Oscurante Finestra Dometic a rullo DB1R, bianco crema, 480x530 mm","https://www.gesinternational.it/images/thumbs/0012976_oscurantizanzariera-db1r-480-x-530-mm_415.jpeg","images/prodotti/cda-0168-oscurante-finestra-dometic-db1r-480x530.jpg","15566","scaricata"
"cda-0172-batteria-litio-ultimatron-ubl-12-100h-pro","Batteria Litio Ultimatron UBL-12-100H-PRO 12,8V 100Ah","images/prodotti/ultimatron-ubl-12-100h-pro.png","images/prodotti/ultimatron-ubl-12-100h-pro.png","132157","gia locale"
"cda-0173-batteria-litio-ultimatron-ubl-12-200h-pro","Batteria Litio Ultimatron UBL-12-200H-PRO 12,8V 200Ah con Riscaldatore","images/prodotti/ultimatron-ubl-12-200h-pro.jpg","images/prodotti/ultimatron-ubl-12-200h-pro.jpg","125554","gia locale"
"cda-0174-batteria-litio-ultimatron-ubl-12-300h-pro","Batteria Litio Ultimatron UBL-12-300H-PRO 12,8V 300Ah con Riscaldatore","images/prodotti/ultimatron-ubl-12-300h-pro.png","images/prodotti/ultimatron-ubl-12-300h-pro.png","118738","gia locale"
"cda-0175-batteria-litio-ultimatron-ulm-12-200h","Batteria Litio Ultimatron ULM-12-200H 12,8V 200Ah Sottosedile","images/prodotti/ultimatron-ulm-12-200h.png","images/prodotti/ultimatron-ulm-12-200h.png","135248","gia locale"
"cda-0176-batteria-litio-ultimatron-ulm-12-310h","Batteria Litio Ultimatron ULM-12-310H 12,8V 310Ah Sottosedile","images/prodotti/ultimatron-ulm-12-310h.jpg","images/prodotti/ultimatron-ulm-12-310h.jpg","351600","gia locale"
"cda-0177-batteria-litio-ultimatron-ulm-12-620","Batteria Litio Ultimatron ULM-12-620 12,8V 620Ah","images/prodotti/ultimatron-ulm-12-620.png","images/prodotti/ultimatron-ulm-12-620.png","124655","gia locale"
"cda-0178-climatizzatore-ultimatron-france-ult-12-2000-pac","Climatizzatore Ultimatron France ULT-12-2000-PAC 12V 2000W","images/prodotti/ultimatron-france-ult-12-2000-pac.jpg","images/prodotti/ultimatron-france-ult-12-2000-pac.jpg","29773","gia locale"
"cda-0179-climatizzatore-ultimatron-france-ult-12-2700-pac","Climatizzatore Ultimatron France ULT-12-2700-PAC 12V 2700W","images/prodotti/ultimatron-france-ult-12-2700-pac.jpg","images/prodotti/ultimatron-france-ult-12-2700-pac.jpg","29493","gia locale"
"cda-bundle-0001-kit-toilette-da-viaggio","Kit Toilette da Viaggio","https://www.gesinternational.it/images/thumbs/0007737_bi-pot-30-portable-toilet_415.jpeg","images/prodotti/cda-bundle-0001-kit-toilette-da-viaggio.jpg","13641","scaricata"
"cda-bundle-0002-kit-riscaldamento-invernale","Kit Riscaldamento Invernale","https://www.gesinternational.it/images/thumbs/0024302_riscaldatore-a-gasolio-2-kw_415.jpeg","images/prodotti/cda-bundle-0002-kit-riscaldamento-invernale.jpg","17427","scaricata"
"cda-bundle-0003-kit-garage-da-viaggio","Kit Garage da Viaggio","https://www.gesinternational.it/images/thumbs/0003097_garage-bars_415.jpeg","images/prodotti/cda-bundle-0003-kit-garage-da-viaggio.jpg","12975","scaricata"
"cda-bundle-0004-kit-impianto-acqua-fissa","Kit Impianto Acqua Fissa","https://www.gesinternational.it/images/thumbs/0006339_tank-84-l-38-x-100-x-22-cm_415.jpeg","images/prodotti/cda-bundle-0004-kit-impianto-acqua-fissa.jpg","11100","scaricata"
"cda-bundle-0005-kit-comfort-cabina-guida","Kit Comfort Cabina Guida","https://www.gesinternational.it/images/thumbs/0026854_thermoglas-ducato-windscreen_415.jpeg","images/prodotti/cda-bundle-0005-kit-comfort-cabina-guida.jpg","42510","scaricata"
"cda-bundle-0006-kit-veranda-motorizzata","Kit Veranda Motorizzata","https://www.euroaccessoiresitalia.it/Immagine/60569/850911_sized_1800x1200_rev_1_d360x360.jpg","images/prodotti/cda-bundle-0006-kit-veranda-motorizzata.gif","43","scaricata"
"compressore-160psi-powerbank-torcia-702881","Compressore Alcapower 160 PSI con PowerBank e Torcia","https://www.alcapower.com/media//articolo/702881.jpg","images/prodotti/compressore-160psi-powerbank-torcia-702881.jpg","464693","scaricata"
"dimmer-strisce-led-telecomando-927057","Dimmer Alcapower per Strisce LED con Telecomando","https://www.alcapower.com/media//articolo/927057.jpg","images/prodotti/dimmer-strisce-led-telecomando-927057.jpg","276374","scaricata"
"dometic-freshjet-1500w-bianco-cdz215b","Climatizzatore Dometic FreshJet 1500W bianco","https://www.gesinternational.it/images/thumbs/0026443_dometic-freshjet-fjx4-1500-w-white_415.jpeg","images/prodotti/dometic-freshjet-1500w-bianco-cdz215b.jpg","20731","scaricata"
"dometic-freshjet-1500w-nero-cdz215n","Climatizzatore Dometic FreshJet 1500W nero","https://www.gesinternational.it/images/thumbs/0026447_climatizzatore-freshjet-1500-w-black_415.jpeg","images/prodotti/dometic-freshjet-1500w-nero-cdz215n.jpg","20684","scaricata"
"dometic-freshjet-1700w-bianco-cdz217b","Climatizzatore Dometic FreshJet 1700W bianco","https://www.gesinternational.it/images/thumbs/0026451_climatizzatore-freshjet-1700-w-white_415.jpeg","images/prodotti/dometic-freshjet-1700w-bianco-cdz217b.jpg","20413","scaricata"
"dometic-freshjet-1700w-nero-cdz217n","Climatizzatore Dometic FreshJet 1700W nero","https://www.gesinternational.it/images/thumbs/0026457_dometic-freshjetfjx4-1700-w-black_415.jpeg","images/prodotti/dometic-freshjet-1700w-nero-cdz217n.jpg","20241","scaricata"
"dometic-freshjet-2200w-bianco-cdz222b","Climatizzatore Dometic FreshJet 2200W bianco","https://www.gesinternational.it/images/thumbs/0026463_dometic-freshjet-fjx4-2200-w-white_415.jpeg","images/prodotti/dometic-freshjet-2200w-bianco-cdz222b.jpg","20505","scaricata"
"dometic-freshjet-2200w-nero-cdz222n","Climatizzatore Dometic FreshJet 2200W nero","https://www.gesinternational.it/images/thumbs/0026469_dometic-freshjet-fjx4-2200-w-black_415.jpeg","images/prodotti/dometic-freshjet-2200w-nero-cdz222n.jpg","20281","scaricata"
"dometic-freshjet-fjz4-1700-bianco-cdz218b","Dometic FreshJet FJZ4 1700 bianco","https://www.gesinternational.it/images/thumbs/0050668_dometic-freshejt-fjz4-1700-white_415.jpeg","images/prodotti/dometic-freshjet-fjz4-1700-bianco-cdz218b.jpg","20757","scaricata"
"dometic-freshjet-fjz4-1700-nero-cdz218n","Dometic FreshJet FJZ4 1700 nero","https://www.gesinternational.it/images/thumbs/0050716_cdz218n_415.jpeg","images/prodotti/dometic-freshjet-fjz4-1700-nero-cdz218n.jpg","21281","scaricata"
"dometic-freshjet-fjz7-2200-bianco-cdz223b","Dometic FreshJet FJZ7 2200 bianco con inverter","https://www.gesinternational.it/images/thumbs/0050723_cdz223b_415.jpeg","images/prodotti/dometic-freshjet-fjz7-2200-bianco-cdz223b.jpg","21834","scaricata"
"dometic-freshlight-2200-oblo-cdz322","Climatizzatore Dometic Freshlight 2200 con Oblò","https://www.gesinternational.it/images/thumbs/0009382_freshlight-2200-roof-air-conditioner_415.jpeg","images/prodotti/dometic-freshlight-2200-oblo-cdz322.jpg","16318","scaricata"
"dometic-freshwell-3000-cdz430","Climatizzatore Dometic Freshwell 3000","https://www.gesinternational.it/images/thumbs/0009385_freshwell-3000-air-conditioner_415.jpeg","images/prodotti/dometic-freshwell-3000-cdz430.jpg","16686","scaricata"
"extraclima-2650w-bianco-cdz727","Condizionatore ExtraCLIMA 2650W bianco","https://www.gesinternational.it/images/thumbs/0051380_extraclima-air-conditioner-2650-w-white_415.jpeg","images/prodotti/extraclima-2650w-bianco-cdz727.jpg","15208","scaricata"
"extraclima-2650w-grigio-cdz727g","Condizionatore ExtraCLIMA 2650W grigio","https://www.gesinternational.it/images/thumbs/0051388_cdz727g_415.jpeg","images/prodotti/extraclima-2650w-grigio-cdz727g.jpg","15504","scaricata"
"extraclima-inverter-3600w-cdz732","Condizionatore ExtraCLIMA inverter 3600W","https://www.gesinternational.it/images/thumbs/0051396_cdz732_415.jpeg","images/prodotti/extraclima-inverter-3600w-cdz732.jpg","15296","scaricata"
"inverter-2-4kw-230v-24v-mppt-40a-800050","Inverter Alcapower 2,4kW 230V 24V con MPPT 40A","https://www.alcapower.com/media//articolo/800050.jpg","images/prodotti/inverter-2-4kw-230v-24v-mppt-40a-800050.jpg","376056","scaricata"
"inverter-3-5kw-230v-24v-mppt-110a-800051","Inverter Alcapower 3,5kW 230V 24V con MPPT 110A","https://www.alcapower.com/media//articolo/800051.jpg","images/prodotti/inverter-3-5kw-230v-24v-mppt-110a-800051.jpg","366927","scaricata"
"inverter-5-5kw-230v-48v-mppt-110a-800052","Inverter Alcapower 5,5kW 230V 48V con MPPT 110A","https://www.alcapower.com/media//articolo/800052.jpg","images/prodotti/inverter-5-5kw-230v-48v-mppt-110a-800052.jpg","296098","scaricata"
"inverter-onda-sinusoidale-pura-1500w-912216","Inverter Alcapower Onda Sinusoidale Pura 1500W","https://www.alcapower.com/media//articolo/912216.jpg","images/prodotti/inverter-onda-sinusoidale-pura-1500w-912216.jpg","736703","scaricata"
"kit-autoterm-air-2d-pu5-ris9420","Kit Autoterm Air 2D con pannello PU-5","https://www.gesinternational.it/images/thumbs/0052069_ris9420_415.jpeg","images/prodotti/kit-autoterm-air-2d-pu5-ris9420.jpg","26210","scaricata"
"kit-autoterm-air-4d-comfort-ris9423","Kit Autoterm Air 4D con pannello Comfort","https://www.gesinternational.it/images/thumbs/0029761_kit-autoterm-air-4d-con-pannello-comfort_415.jpeg","images/prodotti/kit-autoterm-air-4d-comfort-ris9423.jpg","31044","scaricata"
"kit-autoterm-air-4d-pu5-ris9422","Kit Autoterm Air 4D con pannello PU-5","https://www.gesinternational.it/images/thumbs/0052074_ris9422_415.jpeg","images/prodotti/kit-autoterm-air-4d-pu5-ris9422.jpg","30480","scaricata"
"lampada-emergenza-parete-lifepo4-ip65-930423","Lampada d'Emergenza Alcapower da Parete LiFePO4 IP65","https://www.alcapower.com/media//articolo/930423.jpg","images/prodotti/lampada-emergenza-parete-lifepo4-ip65-930423.jpg","2694538","scaricata"
"lampada-notturna-emergenza-lipo-930475","Lampada Notturna e d'Emergenza Alcapower Li-Po","https://www.alcapower.com/media//articolo/930475.jpg","images/prodotti/lampada-notturna-emergenza-lipo-930475.jpg","2575003","scaricata"
"lampada-portatile-usb-solare-930476","Lampada Portatile Alcapower con Carica USB e Pannello Solare","https://www.alcapower.com/media//articolo/930476.jpg","images/prodotti/lampada-portatile-usb-solare-930476.jpg","404443","scaricata"
"led-solare-parete-1000lm-pir-crepuscolare-929611","LED Solare Alcapower da Parete 1000lm con Sensore di Movimento","https://www.alcapower.com/media//articolo/929611.jpg","images/prodotti/led-solare-parete-1000lm-pir-crepuscolare-929611.jpg","169609","scaricata"
"led-solare-picchetto-crepuscolare-929613","LED Solare Alcapower da Giardino 500lm con Picchetto","https://www.alcapower.com/media//articolo/929613.jpg","images/prodotti/led-solare-picchetto-crepuscolare-929613.jpg","148966","scaricata"
"monitor-lcd-7-colori-970025","Monitor LCD Alcapower 7"" a Colori","https://www.alcapower.com/media//articolo/970025.jpg","images/prodotti/monitor-lcd-7-colori-970025.jpg","407641","scaricata"
"openair-full-inverter-12v-cdz631","Condizionatore Openair Full Inverter 12V","https://www.gesinternational.it/images/thumbs/0049907_openair-full-inverter-air-conditioner-12-v_415.jpeg","images/prodotti/openair-full-inverter-12v-cdz631.jpg","17967","scaricata"
"openair-plus-full-inverter-12v-cdz632","Condizionatore Openair Plus Full Inverter 12V","https://www.gesinternational.it/images/thumbs/0049914_openair-plus-full-inverter-air-conditioner-12-v_415.jpeg","images/prodotti/openair-plus-full-inverter-12v-cdz632.jpg","18549","scaricata"
"regolatore-carica-mppt-40a-800009","Regolatore di Carica MPPT Alcapower 40A 12-24V","https://www.alcapower.com/media//articolo/800009.jpg","images/prodotti/regolatore-carica-mppt-40a-800009.jpg","227059","scaricata"
"specchietto-retrovisore-monitor-7-970053","Specchietto Retrovisore Alcapower con Monitor 7""","https://www.alcapower.com/media//articolo/970053.jpg","images/prodotti/specchietto-retrovisore-monitor-7-970053.jpg","135230","scaricata"
"striscia-led-cob-12v-3000k-5m-927004","Striscia LED Alcapower COB 12V 3000K 5m","https://www.alcapower.com/media//articolo/927004.jpg","images/prodotti/striscia-led-cob-12v-3000k-5m-927004.jpg","461054","scaricata"
"striscia-led-cob-12v-6500k-5m-927006","Striscia LED Alcapower COB 12V 6500K 5m","https://www.alcapower.com/media//articolo/927006.jpg","images/prodotti/striscia-led-cob-12v-6500k-5m-927006.jpg","462397","scaricata"
"telecamera-18ir-motorhome-970060","Telecamera Alcapower 18 IR per Motorhome","https://www.alcapower.com/media//articolo/970060.jpg","images/prodotti/telecamera-18ir-motorhome-970060.jpg","438789","scaricata"
"telecamera-8ir-retromarcia-970061","Telecamera Alcapower 8 IR per Retromarcia","https://www.alcapower.com/media//articolo/970061.jpg","images/prodotti/telecamera-8ir-retromarcia-970061.jpg","372128","scaricata"
"truma-sl-3004-stf9039","Stufa a gas Truma SL 3004 con accensione automatica","https://www.gesinternational.it/images/thumbs/0006705_truma-sl-3004-con-accensione-automatica_415.jpeg","images/prodotti/truma-sl-3004-stf9039.jpg","16714","scaricata"
"truma-sl-5004-stf9038","Stufa a gas Truma SL 5004 con accensione automatica","https://www.gesinternational.it/images/thumbs/0006704_truma-sl-5004-con-accensione-automatica_415.jpeg","images/prodotti/truma-sl-5004-stf9038.jpg","18071","scaricata"